Timestamp, Truthstatus, questionStatus, Left pupil_Diameter_mm, Right pupil_diameter_mm
1441928, truthful, baseline, 2.928879, 3.485641
1441928, truthful, baseline, 2.928879, 3.485641
1441936, truthful, baseline, 2.924271, 3.479218
1441944, truthful, baseline, 2.91011, 3.495987
1441961, truthful, baseline, 2.945206, 3.515991
1441969, truthful, baseline, 2.909027, 3.465393
1441978, truthful, baseline, 3.092651, 3.45166
1441994, truthful, baseline, 2.961746, 3.501938
1442003, truthful, baseline, 2.972153, 3.537216
1442011, truthful, baseline, 2.95575, 3.487228
1442028, truthful, baseline, 2.978073, 3.45401
1442036, truthful, baseline, 2.97963, 3.438873
1442044, truthful, baseline, 2.975494, 3.453217
1442061, truthful, baseline, 2.981934, 3.470856
1442069, truthful, baseline, 2.984421, 3.466476
1442078, truthful, baseline, 2.987808, 3.470444
1442094, truthful, baseline, 2.987671, 3.489258
1442103, truthful, baseline, 2.991241, 3.50415
1442111, truthful, baseline, 2.991364, 3.488388
1442128, truthful, baseline, 2.991837, 3.504257
1442136, truthful, baseline, 2.991898, 3.532669
1442144, truthful, baseline, 2.99263, 3.542709
1442161, truthful, baseline, 2.991074, 3.547852
1442169, truthful, baseline, 2.991913, 3.546371
1442178, truthful, baseline, 2.990982, 3.545059
1442194, truthful, baseline, 2.990784, 3.556519
1442203, truthful, baseline, 2.990738, 3.552017
1442211, truthful, baseline, 2.990799, 3.555893
1442228, truthful, baseline, 2.997482, 3.559464
1442236, truthful, baseline, 2.996384, 3.562698
1442244, truthful, baseline, 2.996399, 3.570404
1442261, truthful, baseline, 3.000259, 3.573685
1442269, truthful, baseline, 3.000214, 3.573593
1442278, truthful, baseline, 3.00032, 3.570694
1442294, truthful, baseline, 2.99736, 3.562485
1442303, truthful, baseline, 3.000046, 3.562119
1442319, truthful, baseline, 2.997238, 3.552979
1442328, truthful, baseline, 2.996948, 3.552887
1442336, truthful, baseline, 2.995728, 3.552444
1442353, truthful, baseline, 2.981705, 3.552963
1442361, truthful, baseline, 2.987289, 3.552582
1442369, truthful, baseline, 2.987411, 3.535294
1442386, truthful, baseline, 2.987488, 3.53096
1442394, truthful, baseline, 2.987595, 3.531891
1442403, truthful, baseline, 2.987473, 3.532974
1442419, truthful, baseline, 2.9077, 3.524918
1442428, truthful, baseline, 2.953186, 3.478455
1442444, truthful, baseline, 2.876205, 3.558609
1442453, truthful, baseline, 2.853821, 3.577377
1442461, truthful, baseline, 2.873581, 3.558929
1442478, truthful, baseline, 2.901047, 3.5569
1442486, truthful, baseline, 2.89505, 3.559326
1442494, truthful, baseline, 2.901169, 3.561493
1442511, truthful, baseline, 2.937805, 3.566986
1442519, truthful, baseline, 2.9673, 3.565521
1442528, truthful, baseline, 2.936432, 3.565369
1442544, truthful, baseline, 2.970459, 3.567841
1442553, truthful, baseline, 2.973862, 3.566956
1442561, truthful, baseline, 2.970154, 3.565887
1442578, truthful, baseline, 2.966187, 3.568298
1442586, truthful, baseline, 2.965607, 3.58876
1442594, truthful, baseline, 2.965714, 3.589508
1442611, truthful, baseline, 2.972641, 3.589539
1442619, truthful, baseline, 2.965424, 3.596268
1442628, truthful, baseline, 2.965256, 3.600769
1442644, truthful, baseline, 2.937195, 3.603821
1442653, truthful, baseline, 2.937134, 3.610855
1442661, truthful, baseline, 2.93721, 3.610733
1442678, truthful, baseline, 2.937576, 3.622452
1442686, truthful, baseline, 2.981064, 3.629211
1442694, truthful, baseline, 2.985672, 3.629074
1442711, truthful, baseline, 2.986023, 3.652191
1442719, truthful, baseline, 2.981705, 3.674408
1442728, truthful, baseline, 3.014648, 3.674179
1442744, truthful, baseline, 3.147491, 3.820831
1442753, truthful, baseline, 3.095963, 3.812698
1442761, truthful, baseline, 3.179016, 3.820969
1442778, truthful, baseline, 3.113297, 3.783752
1442786, truthful, baseline, 3.120285, 3.926605
1442794, truthful, baseline, 3.175278, 3.797501
1442811, truthful, baseline, 3.037292, -1
1442819, truthful, baseline, 2.81633, -1
1442828, truthful, baseline, -1, -1
1442844, truthful, baseline, -1, -1
1442853, truthful, baseline, -1, -1
1442861, truthful, baseline, -1, -1
1442878, truthful, baseline, -1, -1
1442886, truthful, baseline, -1, -1
1442894, truthful, baseline, 2.920151, 3.846878
1442911, truthful, baseline, 3.334793, 3.753159
1442919, truthful, baseline, 3.389847, 3.903625
1442928, truthful, baseline, 3.22052, 3.891113
1442944, truthful, baseline, 3.313553, 4.030533
1442953, truthful, baseline, 3.30629, 4.21196
1442961, truthful, baseline, 3.305252, 4.014999
1442978, truthful, baseline, 3.345901, 4.167664
1442986, truthful, baseline, 3.379562, 4.177032
1442994, truthful, baseline, 3.447189, 4.162949
1443011, truthful, baseline, 3.365875, 4.156982
1443019, truthful, baseline, 3.476212, 4.159256
1443028, truthful, baseline, 3.430481, 4.163177
1443044, truthful, baseline, 3.435196, 4.17627
1443053, truthful, baseline, 3.456619, 4.17276
1443061, truthful, baseline, 3.466324, 4.170212
1443078, truthful, baseline, 3.466141, 4.185181
1443086, truthful, baseline, 3.45639, 4.181137
1443094, truthful, baseline, 3.466339, 4.177185
1443111, truthful, baseline, 3.465973, 4.183365
1443119, truthful, baseline, 3.456146, 4.183884
1443127, truthful, baseline, 3.465759, 4.184021
1443144, truthful, baseline, 3.439713, 4.053925
1443152, truthful, baseline, 3.432632, 4.072433
1443161, truthful, baseline, 3.37291, 3.944229
1443177, truthful, baseline, 3.423492, 3.948029
1443186, truthful, baseline, 3.347946, 4.082077
1443194, truthful, baseline, 3.307846, 3.915085
1443211, truthful, baseline, 3.415329, 3.864014
1443219, truthful, baseline, 3.40593, 4.041794
1443227, truthful, baseline, 3.406479, 4.018631
1443244, truthful, baseline, 3.390366, 4.019577
1443252, truthful, baseline, 3.377441, 4.039291
1443261, truthful, baseline, 3.359299, 4.014404
1443277, truthful, baseline, 3.33847, 3.981079
1443286, truthful, baseline, 3.335709, 3.977615
1443294, truthful, baseline, 3.333344, 3.982269
1443311, truthful, baseline, 3.323166, 3.976334
1443319, truthful, baseline, 3.315491, 3.967133
1443327, truthful, baseline, 3.315948, 3.963684
1443344, truthful, baseline, 3.271698, 3.960464
1443352, truthful, baseline, 3.271072, 3.959839
1443361, truthful, baseline, 3.268082, 3.95932
1443378, truthful, baseline, 3.242538, 3.954361
1443386, truthful, baseline, 3.234268, 3.952545
1443394, truthful, baseline, 3.230255, 3.95108
1443411, truthful, baseline, 3.228027, 3.944565
1443419, truthful, baseline, 3.223679, 3.935211
1443427, truthful, baseline, 3.222321, 3.932312
1443444, truthful, baseline, 3.205048, 3.931168
1443452, truthful, baseline, 3.128204, 3.869736
1443461, truthful, baseline, 3.172974, 3.901108
1443477, truthful, baseline, 3.209137, 3.92836
1443486, truthful, baseline, 3.098373, 3.981857
1443494, truthful, baseline, 3.138306, 4.070648
1443511, truthful, baseline, 3.13913, 4.021912
1443519, truthful, baseline, 3.114197, 3.990524
1443527, truthful, baseline, 3.08992, 4.022476
1443544, truthful, baseline, 3.138596, 4.022751
1443552, truthful, baseline, 3.14801, 4.02211
1443561, truthful, baseline, 3.158401, 4.021606
1443577, truthful, baseline, 3.158371, 4.021912
1443586, truthful, baseline, 3.16069, 4.010727
1443594, truthful, baseline, 3.163193, 3.999634
1443611, truthful, baseline, 3.158417, 3.999924
1443619, truthful, baseline, 3.163177, 3.994537
1443627, truthful, baseline, 3.16304, 3.990234
1443644, truthful, baseline, 3.173111, 4.00029
1443652, truthful, baseline, 3.179977, 4.000809
1443661, truthful, baseline, 3.173248, 3.995056
1443677, truthful, baseline, 3.180252, 4.001587
1443686, truthful, baseline, 3.193481, 4.001633
1443694, truthful, baseline, 3.193237, 4.010193
1443711, truthful, baseline, 3.198853, 4.01535
1443719, truthful, baseline, 3.20549, 4.017532
1443727, truthful, baseline, 3.215195, 4.02034
1443744, truthful, baseline, 3.213303, 4.029678
1443752, truthful, baseline, 3.213409, 4.053665
1443761, truthful, baseline, 3.216934, 4.055923
1443777, truthful, baseline, 3.216904, 4.043884
1443786, truthful, baseline, 3.222244, 4.044235
1443794, truthful, baseline, 3.244751, 4.044281
1443811, truthful, baseline, 3.246445, 4.065948
1443819, truthful, baseline, 3.255585, 4.066071
1443827, truthful, baseline, 3.256058, 4.066193
1443844, truthful, baseline, 3.27771, 4.080582
1443852, truthful, baseline, 3.277557, 4.087891
1443861, truthful, baseline, 3.290314, 4.096573
1443877, truthful, baseline, 3.303436, 4.106964
1443886, truthful, baseline, 3.385605, 4.030182
1443894, truthful, baseline, 3.30217, 4.050125
1443911, truthful, baseline, 3.284973, 3.89798
1443919, truthful, baseline, 3.232712, 3.923737
1443927, truthful, baseline, 3.239212, 4.047989
1443944, truthful, baseline, 3.240173, 4.081909
1443952, truthful, baseline, 3.226379, 4.06282
1443961, truthful, baseline, 3.241837, 4.039719
1443977, truthful, baseline, 3.241776, 4.025055
1443986, truthful, baseline, 3.238022, 4.016983
1443994, truthful, baseline, 3.234116, 4.020935
1444011, truthful, baseline, 3.23465, 4.014404
1444019, truthful, baseline, 3.234711, 4.011826
1444027, truthful, baseline, 3.234497, 4.010391
1444044, truthful, baseline, 3.234573, 4.010208
1444052, truthful, baseline, 3.228607, 4.008514
1444061, truthful, baseline, 3.22818, 4.008331
1444077, truthful, baseline, 3.228546, 4.004959
1444086, truthful, baseline, 3.228989, 4.008545
1444094, truthful, baseline, 3.219406, 4.008133
1444111, truthful, baseline, 3.214249, 4.024429
1444119, truthful, baseline, 3.214172, 4.023315
1444127, truthful, baseline, 3.214981, 4.02449
1444144, truthful, baseline, 3.267609, 4.037567
1444152, truthful, baseline, 3.228516, 4.053314
1444161, truthful, baseline, 3.232971, 4.062622
1444177, truthful, baseline, 3.243591, 4.097641
1444186, truthful, baseline, 3.263962, 4.072922
1444194, truthful, baseline, 3.265717, 4.098633
1444211, truthful, baseline, 3.243484, 4.116425
1444219, truthful, baseline, 3.241882, 4.117432
1444227, truthful, baseline, 3.241882, 4.123215
1444244, truthful, baseline, 3.242035, 4.132614
1444252, truthful, baseline, 3.241791, 4.136795
1444261, truthful, baseline, 3.245514, 4.136887
1444277, truthful, baseline, 3.245117, 4.136932
1444286, truthful, baseline, 3.245132, 4.14325
1444294, truthful, baseline, 3.245071, 4.148727
1444311, truthful, baseline, 3.239899, 4.161499
1444319, truthful, baseline, 3.245148, 4.163849
1444327, truthful, baseline, 3.29567, 4.16748
1444344, truthful, baseline, 3.46022, 4.191956
1444352, truthful, baseline, 3.452469, 4.205093
1444361, truthful, baseline, 3.422302, 4.143372
1444377, truthful, baseline, 3.474564, 4.226761
1444386, truthful, baseline, 3.456635, 4.228058
1444394, truthful, baseline, 3.468552, 4.230118
1444411, truthful, baseline, 3.424515, 4.192001
1444419, truthful, baseline, 3.456589, 4.209686
1444427, truthful, baseline, 3.504364, 4.321655
1444444, truthful, baseline, 3.526688, 4.270767
1444452, truthful, baseline, 3.534302, 4.25795
1444461, truthful, baseline, 3.542099, 4.25238
1444477, truthful, baseline, 3.551895, 4.251938
1444486, truthful, baseline, 3.546829, 4.24881
1444494, truthful, baseline, 3.551712, 4.248138
1444511, truthful, baseline, 3.551086, 4.237823
1444519, truthful, baseline, 3.550964, 4.242676
1444527, truthful, baseline, 3.550369, 4.243652
1444544, truthful, baseline, 3.550415, 4.243454
1444552, truthful, baseline, 3.551468, 4.244431
1444561, truthful, baseline, 3.575134, 4.255676
1444577, truthful, baseline, 3.580612, 4.265045
1444586, truthful, baseline, 3.580612, 4.296616
1444594, truthful, baseline, 3.580475, 4.296417
1444611, truthful, baseline, 3.584, 4.312668
1444619, truthful, baseline, 3.589142, 4.312531
1444627, truthful, baseline, 3.589066, 4.315933
1444644, truthful, baseline, 3.584518, 4.335495
1444652, truthful, baseline, 3.583878, 4.339478
1444661, truthful, baseline, 3.584274, 4.340225
1444677, truthful, baseline, 3.584641, 4.336426
1444686, truthful, baseline, 3.563568, 4.340912
1444694, truthful, baseline, 3.558655, 4.342194
1444711, truthful, baseline, 3.518356, 4.336304
1444719, truthful, baseline, 3.508072, 4.337433
1444727, truthful, baseline, 3.504333, 4.337646
1444744, truthful, baseline, 3.483047, 4.35733
1444752, truthful, baseline, 3.477325, 4.365021
1444761, truthful, baseline, 3.477188, 4.340103
1444777, truthful, baseline, 3.371689, 4.109344
1444786, truthful, baseline, 3.223679, 4.172028
1444794, truthful, baseline, 3.263504, 4.208908
1444811, truthful, baseline, 3.294891, 4.163147
1444819, truthful, baseline, 3.31871, 4.126282
1444827, truthful, baseline, 3.382706, 4.149841
1444844, truthful, baseline, 3.311691, 4.142303
1444852, truthful, baseline, 3.304489, 4.143005
1444861, truthful, baseline, 3.297897, 4.142044
1444877, truthful, baseline, 3.283615, 4.116928
1444886, truthful, baseline, 3.291901, 4.112823
1444894, truthful, baseline, 3.287415, 4.116089
1444911, truthful, baseline, 3.290802, 4.108627
1444919, truthful, baseline, 3.28334, 4.105774
1444927, truthful, baseline, 3.290649, 4.10257
1444944, truthful, baseline, 3.282715, 4.102295
1444952, truthful, baseline, 3.270706, 4.100815
1444961, truthful, baseline, 3.258545, 4.096664
1444977, truthful, baseline, 3.238205, 4.081192
1444986, truthful, baseline, 3.223251, 4.079315
1444994, truthful, baseline, 3.212341, 4.071777
1445011, truthful, baseline, 3.21106, 4.066818
1445019, truthful, baseline, 3.20549, 4.062469
1445027, truthful, baseline, 3.197388, 4.042847
1445044, truthful, baseline, 3.205383, 3.895126
1445052, truthful, baseline, 3.196457, 3.892548
1445061, truthful, baseline, 3.194153, 3.895203
1445077, truthful, baseline, 3.192856, 3.921875
1445086, truthful, baseline, 3.192657, 3.929703
1445094, truthful, baseline, 3.181564, 3.936844
1445111, truthful, baseline, 3.181793, 3.936569
1445119, truthful, baseline, 3.193863, 3.936142
1445127, truthful, baseline, 3.151901, 3.936279
1445144, truthful, baseline, 3.136429, 3.936005
1445152, truthful, baseline, 3.1353, 3.927719
1445161, truthful, baseline, 3.125687, 3.931717
1445177, truthful, baseline, 3.127121, 3.931519
1445186, truthful, baseline, 3.104752, 3.919205
1445194, truthful, baseline, 3.098495, 3.903763
1445211, truthful, baseline, 3.086868, 3.901367
1445219, truthful, baseline, 3.086807, 3.886703
1445227, truthful, baseline, 3.087006, 3.864517
1445244, truthful, baseline, 3.087143, 3.844696
1445252, truthful, baseline, 3.099213, 3.865524
1445261, truthful, baseline, 3.099503, 3.844849
1445277, truthful, baseline, 3.09407, 3.841949
1445286, truthful, baseline, 3.080719, 3.83989
1445294, truthful, baseline, 3.094421, 3.829193
1445311, truthful, baseline, 3.094482, 3.830734
1445319, truthful, baseline, 3.094635, 3.832382
1445327, truthful, baseline, 3.097244, 3.833511
1445344, truthful, baseline, 3.097351, 3.834274
1445352, truthful, baseline, 3.095276, 3.830917
1445361, truthful, baseline, 3.087433, 3.835449
1445377, truthful, baseline, 3.046356, 3.830444
1445386, truthful, baseline, 3.04451, 3.831436
1445394, truthful, baseline, 3.045029, 3.831802
1445411, truthful, baseline, 3.045273, 3.863953
1445419, truthful, baseline, 3.032928, 3.88179
1445427, truthful, baseline, 3.045853, 3.884567
1445444, truthful, baseline, 3.01326, 3.838394
1445452, truthful, baseline, 3.013306, 3.827713
1445461, truthful, baseline, 3.013336, 3.87825
1445477, truthful, baseline, 3.001831, 3.651077
1445486, truthful, baseline, 2.999115, 3.700455
1445494, truthful, baseline, 3.010712, 3.719254
1445510, truthful, baseline, 2.971725, 3.741806
1445519, truthful, baseline, 2.985199, 3.72287
1445527, truthful, baseline, 2.981934, 3.720612
1445544, truthful, baseline, 2.988205, 3.720215
1445552, truthful, baseline, 2.99231, 3.718536
1445560, truthful, baseline, 2.992767, 3.720413
1445577, truthful, baseline, 2.993652, 3.719498
1445585, truthful, baseline, 2.993927, 3.720673
1445594, truthful, baseline, 2.994644, 3.72644
1445610, truthful, baseline, 2.995453, 3.721893
1445619, truthful, baseline, 2.995605, 3.723404
1445627, truthful, baseline, 2.995804, 3.723526
1445644, truthful, baseline, 3.002289, 3.723221
1445652, truthful, baseline, 3.008453, 3.732346
1445660, truthful, baseline, 3.012375, 3.723373
1445677, truthful, baseline, 3.01767, 3.732635
1445685, truthful, baseline, 3.027466, 3.73201
1445694, truthful, baseline, 3.02858, 3.732315
1445710, truthful, baseline, 3.032806, 3.732361
1445719, truthful, baseline, 3.073257, 3.732895
1445727, truthful, baseline, 3.117569, 3.755951
1445744, truthful, baseline, 3.138519, 3.763718
1445752, truthful, baseline, 3.138199, 3.763885
1445760, truthful, baseline, 3.111496, 3.7621
1445777, truthful, baseline, 3.12352, 3.770889
1445785, truthful, baseline, 3.097092, 3.770493
1445794, truthful, baseline, 3.122772, 3.771317
1445810, truthful, baseline, 3.086563, 3.77153
1445819, truthful, baseline, 3.060806, 3.77153
1445827, truthful, baseline, 3.079391, 3.771179
1445844, truthful, baseline, 3.05397, 3.752838
1445852, truthful, baseline, 3.074097, 3.751907
1445860, truthful, baseline, 3.07193, 3.752213
1445877, truthful, baseline, 3.034836, 3.719528
1445885, truthful, baseline, 2.999298, 3.678528
1445894, truthful, baseline, 3.027985, 3.660828
1445910, truthful, baseline, 3.029251, 3.694031
1445919, truthful, baseline, 3.013062, 3.647232
1445927, truthful, baseline, 3.030014, 3.621017
1445944, truthful, baseline, 3.029663, 3.599884
1445952, truthful, baseline, 3.032242, 3.610184
1445960, truthful, baseline, 3.029892, 3.620499
1445977, truthful, baseline, 3.034973, 3.600739
1445985, truthful, baseline, 3.032425, 3.610916
1445994, truthful, baseline, 3.029922, 3.600952
1446010, truthful, baseline, 3.01796, 3.600494
1446019, truthful, baseline, 3.017899, 3.603302
1446027, truthful, baseline, 3.017944, 3.603714
1446044, truthful, baseline, 3.0186, 3.600113
1446052, truthful, baseline, 3.013077, 3.600204
1446060, truthful, baseline, 2.98436, 3.595627
1446077, truthful, baseline, 2.98291, 3.566788
1446085, truthful, baseline, 2.983093, 3.562286
1446094, truthful, baseline, 2.983017, 3.54837
1446110, truthful, baseline, 2.978989, 3.55867
1446119, truthful, baseline, 2.964478, 3.558456
1446127, truthful, baseline, 2.964508, 3.549789
1446144, truthful, baseline, 2.943893, 3.545441
1446152, truthful, baseline, 2.943756, 3.541718
1446160, truthful, baseline, 2.940216, 3.54158
1446177, truthful, baseline, 2.932053, 3.536484
1446185, truthful, baseline, 2.929245, 3.520721
1446194, truthful, baseline, 2.942703, 3.524017
1446210, truthful, baseline, 3.052139, 3.54509
1446219, truthful, baseline, 2.878113, 3.46022
1446227, truthful, baseline, 2.912415, 3.531723
1446244, truthful, baseline, 2.926239, 3.563766
1446252, truthful, baseline, 2.937271, 3.464554
1446260, truthful, baseline, 2.952011, 3.460785
1446277, truthful, baseline, 2.965622, 3.407318
1446285, truthful, baseline, 2.964432, 3.39209
1446294, truthful, baseline, 2.952805, 3.38353
1446310, truthful, baseline, 2.938812, 3.374268
1446319, truthful, baseline, 2.936188, 3.378632
1446327, truthful, baseline, 2.924957, 3.372635
1446344, truthful, baseline, 2.925156, 3.356949
1446352, truthful, baseline, 2.913971, 3.366104
1446360, truthful, baseline, 2.913635, 3.363922
1446377, truthful, baseline, 2.901642, 3.361038
1446385, truthful, baseline, 2.901459, 3.34729
1446394, truthful, baseline, 2.900208, 3.346313
1446410, truthful, baseline, 2.89357, 3.345856
1446419, truthful, baseline, 2.889297, 3.346024
1446427, truthful, baseline, 2.889359, 3.34552
1446444, truthful, baseline, 2.88829, 3.338882
1446452, truthful, baseline, 2.887558, 3.344635
1446460, truthful, baseline, 2.885834, 3.346924
1446477, truthful, baseline, 2.884216, 3.337006
1446485, truthful, baseline, 2.886917, 3.325348
1446494, truthful, baseline, 2.886917, 3.324341
1446510, truthful, baseline, 2.887955, 3.302246
1446519, truthful, baseline, 2.897781, 3.302261
1446527, truthful, baseline, 2.897522, 3.295486
1446544, truthful, baseline, 2.89917, 3.277115
1446552, truthful, baseline, 2.899384, 3.277557
1446560, truthful, baseline, 2.899002, 3.278061
1446577, truthful, baseline, 2.897415, 3.279266
1446585, truthful, baseline, 2.896271, 3.267044
1446594, truthful, baseline, 2.896851, 3.26178
1446610, truthful, baseline, 2.881607, 3.267822
1446619, truthful, baseline, 2.881271, 3.263763
1446627, truthful, baseline, 2.904068, 3.369934
1446644, truthful, baseline, 2.913834, 3.359406
1446652, truthful, baseline, 2.91748, 3.341736
1446660, truthful, baseline, 2.869919, 3.1651
1446677, truthful, baseline, 2.77829, 3.138779
1446685, truthful, baseline, -1, 3.038132
1446694, truthful, baseline, -1, -1
1446710, truthful, baseline, -1, -1
1446719, truthful, baseline, -1, -1
1446735, truthful, baseline, -1, -1
1446744, truthful, baseline, -1, -1
1446752, truthful, baseline, -1, -1
1446760, truthful, baseline, -1, -1
1446777, truthful, baseline, -1, -1
1446785, truthful, baseline, -1, -1
1446794, truthful, baseline, -1, -1
1446810, truthful, baseline, -1, -1
1446818, truthful, baseline, 2.872864, 3.363754
1446827, truthful, baseline, 2.872467, 3.439941
1446843, truthful, baseline, 2.837646, 3.45314
1446852, truthful, baseline, 2.922897, 3.383575
1446860, truthful, baseline, 2.925186, 3.345886
1446877, truthful, baseline, 2.839798, 3.366455
1446885, truthful, baseline, 2.833771, 3.438904
1446893, truthful, baseline, 2.868393, 3.329422
1446910, truthful, baseline, 2.844498, 3.507401
1446918, truthful, questioning, 2.861923, 3.474136
1446927, truthful, questioning, 2.848694, 3.348969
1446943, truthful, questioning, 2.85025, 3.344971
1446952, truthful, questioning, 2.865814, 3.382355
1446960, truthful, questioning, 2.862213, 3.415558
1446977, truthful, questioning, 2.863327, 3.415543
1446985, truthful, questioning, 2.89946, 3.417908
1446993, truthful, questioning, 2.832642, 3.418701
1447010, truthful, questioning, 2.930161, 3.42215
1447018, truthful, questioning, 2.923233, 3.4245
1447027, truthful, questioning, 2.916412, 3.42305
1447043, truthful, questioning, 2.931946, 3.426682
1447052, truthful, questioning, 2.939194, 3.464264
1447060, truthful, questioning, 2.946487, 3.464264
1447077, truthful, questioning, 2.932648, 3.464111
1447085, truthful, questioning, 2.940262, 3.464432
1447093, truthful, questioning, 2.933395, 3.464233
1447110, truthful, questioning, 2.928741, 3.444855
1447118, truthful, questioning, 2.928757, 3.440659
1447127, truthful, questioning, 2.921051, 3.395782
1447143, truthful, questioning, 2.884552, 3.381607
1447152, truthful, questioning, 2.884613, 3.373611
1447160, truthful, questioning, 2.882217, 3.372864
1447177, truthful, questioning, 2.878632, 3.372025
1447185, truthful, questioning, 2.871338, 3.369629
1447193, truthful, questioning, 2.85614, 3.369095
1447202, truthful, questioning, 2.852417, 3.364761
1447218, truthful, questioning, 2.84996, 3.356857
1447227, truthful, questioning, 2.849792, 3.335587
1447243, truthful, questioning, 2.835434, 3.32901
1447252, truthful, questioning, 2.834946, 3.319138
1447260, truthful, questioning, 2.831802, 3.318329
1447277, truthful, questioning, 2.827805, 3.317657
1447285, truthful, questioning, 2.828049, 3.310242
1447293, truthful, questioning, 2.82077, 3.310196
1447310, truthful, questioning, 2.819321, 3.310364
1447318, truthful, questioning, 2.819397, 3.310196
1447327, truthful, questioning, 2.812897, 3.310318
1447343, truthful, questioning, 2.794357, 3.29985
1447352, truthful, questioning, 2.784821, 3.28476
1447360, truthful, questioning, 2.793777, 3.284653
1447377, truthful, questioning, 2.793488, 3.283859
1447385, truthful, questioning, 2.784698, 3.279327
1447393, truthful, questioning, 2.784332, 3.283081
1447410, truthful, questioning, 2.792633, 3.289063
1447418, truthful, questioning, 2.796509, 3.288727
1447427, truthful, questioning, 2.796371, 3.289001
1447443, truthful, questioning, 2.802887, 3.272583
1447452, truthful, questioning, 2.802673, 3.27858
1447460, truthful, questioning, 2.803085, 3.288818
1447477, truthful, questioning, 2.810028, 3.288956
1447485, truthful, questioning, 2.810196, 3.295761
1447493, truthful, questioning, 2.809967, 3.295975
1447510, truthful, questioning, 2.861053, 3.306473
1447518, truthful, questioning, 2.915344, 3.264664
1447527, truthful, questioning, 2.849594, 3.400543
1447535, truthful, questioning, 2.817871, 3.494156
1447552, truthful, questioning, 2.861816, 3.530548
1447560, truthful, questioning, 2.882416, 3.530121
1447577, truthful, questioning, 2.881927, 3.528412
1447585, truthful, questioning, 2.86412, 3.528961
1447593, truthful, questioning, 2.882355, 3.529175
1447610, truthful, questioning, 2.904984, 3.527756
1447618, truthful, questioning, 2.908737, 3.527618
1447627, truthful, questioning, 2.905548, 3.527542
1447643, truthful, questioning, 2.908356, 3.526428
1447652, truthful, questioning, 2.908936, 3.525925
1447660, truthful, questioning, 2.912781, 3.525818
1447676, truthful, questioning, 2.916946, 3.543884
1447685, truthful, questioning, 2.921463, 3.543594
1447693, truthful, questioning, 2.92247, 3.543686
1447710, truthful, questioning, 2.942963, 3.556885
1447718, truthful, questioning, 2.923553, 3.556885
1447726, truthful, questioning, 2.942062, 3.55661
1447735, truthful, questioning, 2.923752, 3.543213
1447751, truthful, questioning, 2.942337, 3.541748
1447760, truthful, questioning, 2.9422, 3.531967
1447768, truthful, questioning, 2.943924, 3.541656
1447785, truthful, questioning, 2.945267, 3.531586
1447793, truthful, questioning, 2.945236, 3.530807
1447801, truthful, questioning, 2.945862, 3.523529
1447818, truthful, questioning, 2.896835, 3.54216
1447826, truthful, questioning, 2.93959, 3.525314
1447835, truthful, questioning, 2.890808, 3.525452
1447851, truthful, questioning, 2.93396, 3.544052
1447860, truthful, questioning, 2.93367, 3.546738
1447876, truthful, questioning, 2.929398, 3.547043
1447885, truthful, questioning, 2.829941, 3.508331
1447893, truthful, questioning, 2.827042, 3.476852
1447910, truthful, questioning, 2.90831, 3.515472
1447918, truthful, questioning, 2.888229, 3.482498
1447926, truthful, questioning, 2.889648, 3.4673
1447935, truthful, questioning, 2.893219, 3.451767
1447951, truthful, questioning, 2.892914, 3.451462
1447960, truthful, questioning, 2.88884, 3.4664
1447976, truthful, questioning, 2.888748, 3.466278
1447985, truthful, questioning, 2.890015, 3.481262
1447993, truthful, questioning, 2.891144, 3.468658
1448001, truthful, questioning, 2.890152, 3.456406
1448018, truthful, questioning, 2.887421, 3.470886
1448026, truthful, questioning, 2.889038, 3.463699
1448035, truthful, questioning, 2.888992, 3.456161
1448051, truthful, questioning, 2.885391, 3.446075
1448060, truthful, questioning, 2.8853, 3.436707
1448068, truthful, questioning, 2.8815, 3.435532
1448085, truthful, questioning, 2.881653, 3.419922
1448093, truthful, questioning, 2.877548, 3.43396
1448101, truthful, questioning, 2.877502, 3.419373
1448118, truthful, questioning, 2.854263, 3.399185
1448126, truthful, questioning, 2.83316, 3.398254
1448135, truthful, questioning, 2.824478, 3.386063
1448151, truthful, questioning, 2.812119, 3.380035
1448160, truthful, questioning, 2.792007, 3.38028
1448168, truthful, questioning, 2.791824, 3.379623
1448185, truthful, questioning, 2.788635, 3.379028
1448193, truthful, questioning, 2.784821, 3.379105
1448201, truthful, questioning, 2.784988, 3.373856
1448218, truthful, questioning, 2.762054, 3.363678
1448226, truthful, questioning, 2.762009, 3.368698
1448235, truthful, questioning, 2.76265, 3.368713
1448251, truthful, questioning, 2.746826, 3.376312
1448260, truthful, questioning, 2.746613, 3.37619
1448268, truthful, questioning, 2.745895, 3.378067
1448285, truthful, questioning, 2.745087, 3.375137
1448293, truthful, questioning, 2.745148, 3.375198
1448301, truthful, questioning, 2.74588, 3.375153
1448318, truthful, questioning, 2.76712, 3.375168
1448326, truthful, questioning, 2.766068, 3.388
1448335, truthful, questioning, 2.76622, 3.397369
1448351, truthful, questioning, 2.788589, 3.397079
1448360, truthful, questioning, 2.790131, 3.396561
1448368, truthful, questioning, 2.792221, 3.396164
1448385, truthful, questioning, 2.793747, 3.40007
1448393, truthful, questioning, 2.801102, 3.432983
1448401, truthful, questioning, 2.810883, 3.432175
1448418, truthful, questioning, 2.848038, 3.445816
1448426, truthful, questioning, 2.84819, 3.452911
1448435, truthful, questioning, 2.848282, 3.452682
1448451, truthful, questioning, 2.875427, 3.482208
1448460, truthful, questioning, 2.876999, 3.491898
1448468, truthful, questioning, 2.883194, 3.500122
1448485, truthful, questioning, 2.884659, 3.500275
1448493, truthful, questioning, 2.887985, 3.503479
1448501, truthful, questioning, 2.895157, 3.51535
1448518, truthful, questioning, 2.895645, 3.526276
1448526, truthful, questioning, 2.901825, 3.55632
1448535, truthful, questioning, 2.912903, 3.559082
1448551, truthful, questioning, 3.067093, 3.687592
1448560, truthful, questioning, 3.048218, 3.752533
1448568, truthful, questioning, 3.115326, 3.751678
1448585, truthful, questioning, 3.082062, 3.69133
1448593, truthful, questioning, 3.110199, 3.787064
1448601, truthful, questioning, 3.122253, 3.751953
1448618, truthful, questioning, 3.127975, 3.771942
1448626, truthful, questioning, 3.121582, 3.789047
1448635, truthful, questioning, 3.114822, 3.772049
1448651, truthful, questioning, 3.126358, 3.772568
1448660, truthful, questioning, 3.131866, 3.789658
1448668, truthful, questioning, 3.125549, 3.792465
1448685, truthful, questioning, 3.125183, 3.807709
1448693, truthful, questioning, 3.131073, 3.819733
1448701, truthful, questioning, 3.118774, 3.837448
1448718, truthful, questioning, 3.130981, 3.856461
1448726, truthful, questioning, 3.142303, 3.857559
1448735, truthful, questioning, 3.14389, 3.873138
1448751, truthful, questioning, 3.111816, 3.883911
1448760, truthful, questioning, 3.114197, 3.920303
1448768, truthful, questioning, 3.155014, 3.919876
1448785, truthful, questioning, 3.156128, 3.919174
1448793, truthful, questioning, 3.158737, 3.920349
1448801, truthful, questioning, 3.158951, 3.9207
1448818, truthful, questioning, 3.159943, 3.922241
1448826, truthful, questioning, 3.160309, 3.926453
1448835, truthful, questioning, 3.160187, 3.930634
1448851, truthful, questioning, 3.158661, 3.930191
1448860, truthful, questioning, 3.157654, 3.929947
1448868, truthful, questioning, 3.15741, 3.925629
1448885, truthful, questioning, 3.157715, 3.923294
1448893, truthful, questioning, 3.160721, 3.9505
1448901, truthful, questioning, 3.165054, 3.952591
1448918, truthful, questioning, 3.167007, 3.954117
1448926, truthful, questioning, 3.166733, 3.952377
1448935, truthful, questioning, 3.166504, 3.950287
1448951, truthful, questioning, 3.188965, 3.947708
1448960, truthful, questioning, 3.193359, 3.946014
1448976, truthful, questioning, 3.199753, 3.94664
1448985, truthful, questioning, 3.203384, 3.951645
1448993, truthful, questioning, 3.200241, 3.95459
1449001, truthful, questioning, 3.204193, 3.960648
1449018, truthful, questioning, 3.220352, 3.982956
1449026, truthful, questioning, 3.221512, 3.982956
1449035, truthful, questioning, 3.22049, 3.985046
1449051, truthful, questioning, 3.221512, 4.019089
1449060, truthful, questioning, 3.223541, 4.022293
1449068, truthful, questioning, 3.233398, 4.039856
1449085, truthful, questioning, 3.235321, 4.050491
1449093, truthful, questioning, 3.235718, 4.072098
1449101, truthful, questioning, 3.248581, 4.077286
1449118, truthful, questioning, 3.273758, 4.0784
1449126, truthful, questioning, 3.27388, 4.086487
1449135, truthful, questioning, 3.273819, 4.102921
1449151, truthful, questioning, 3.326187, 4.150803
1449160, truthful, questioning, 3.293503, 4.224045
1449168, truthful, questioning, 3.429047, 4.174988
1449185, truthful, questioning, 3.300705, 4.21373
1449193, truthful, questioning, 3.316483, 4.204193
1449201, truthful, questioning, 3.340439, 4.21138
1449218, truthful, questioning, 3.355072, 4.227631
1449226, truthful, questioning, 3.364136, 4.216705
1449235, truthful, questioning, 3.373947, 4.225845
1449251, truthful, questioning, 3.384888, 4.227554
1449260, truthful, questioning, 3.386597, 4.233292
1449268, truthful, questioning, 3.393356, 4.235245
1449285, truthful, questioning, 3.393555, 4.232407
1449293, truthful, questioning, 3.400116, 4.231308
1449301, truthful, questioning, 3.399658, 4.230881
1449318, truthful, questioning, 3.400055, 4.234161
1449326, truthful, questioning, 3.396133, 4.241653
1449335, truthful, questioning, 3.396103, 4.240936
1449351, truthful, questioning, 3.396866, 4.239731
1449360, truthful, questioning, 3.396805, 4.238968
1449368, truthful, questioning, 3.395569, 4.238602
1449385, truthful, questioning, 3.396194, 4.238098
1449393, truthful, questioning, 3.396164, 4.237885
1449401, truthful, questioning, 3.361053, 4.237595
1449418, truthful, questioning, 3.361038, 4.269882
1449426, truthful, questioning, 3.354843, 4.270294
1449435, truthful, questioning, 3.355087, 4.27002
1449451, truthful, questioning, 3.395859, 4.258179
1449460, truthful, questioning, 3.397842, 4.258408
1449468, truthful, questioning, 3.395752, 4.258484
1449485, truthful, questioning, 3.397842, 4.248322
1449493, truthful, questioning, 3.397751, 4.248413
1449501, truthful, questioning, 3.399109, 4.246719
1449518, truthful, questioning, 3.397385, 4.248688
1449526, truthful, questioning, 3.399063, 4.246918
1449535, truthful, questioning, 3.399124, 4.246796
1449551, truthful, questioning, 3.403992, 4.218033
1449560, truthful, questioning, 3.40358, 4.248215
1449568, truthful, questioning, 3.405426, 4.250244
1449585, truthful, questioning, 3.405823, 4.251205
1449593, truthful, questioning, 3.405823, 4.25206
1449601, truthful, questioning, 3.405182, 4.260773
1449618, truthful, questioning, 3.418579, 4.266083
1449626, truthful, questioning, 3.415634, 4.267441
1449635, truthful, questioning, 3.415726, 4.268051
1449651, truthful, questioning, 3.415924, 4.26947
1449660, truthful, questioning, 3.415771, 4.269897
1449668, truthful, questioning, 3.43013, 4.262039
1449685, truthful, questioning, 3.429688, 4.262726
1449693, truthful, questioning, 3.425964, 4.263
1449701, truthful, questioning, 3.424835, 4.262863
1449718, truthful, questioning, 3.425613, 4.255875
1449726, truthful, questioning, 3.429321, 4.248535
1449735, truthful, questioning, 3.428665, 4.243637
1449751, truthful, questioning, 3.424927, 4.23114
1449760, truthful, questioning, 3.428131, 4.229019
1449768, truthful, questioning, 3.467392, 4.202454
1449784, truthful, questioning, 3.484146, 4.1866
1449793, truthful, questioning, 3.466431, 4.173492
1449801, truthful, questioning, 3.466293, 4.173798
1449818, truthful, questioning, 3.456589, 4.17215
1449826, truthful, questioning, 3.456573, 4.152054
1449834, truthful, questioning, 3.423996, 4.150101
1449851, truthful, questioning, 3.400208, 4.145767
1449859, truthful, questioning, 3.380356, 4.145599
1449868, truthful, questioning, 3.367828, 4.148193
1449884, truthful, questioning, 3.346756, 4.148056
1449893, truthful, questioning, 3.342529, 4.14537
1449901, truthful, questioning, 3.328735, 4.143463
1449918, truthful, questioning, 3.3255, 4.143341
1449926, truthful, questioning, 3.307388, 4.135788
1449934, truthful, questioning, 3.293213, 4.135895
1449951, truthful, questioning, 3.278992, 4.13562
1449959, truthful, questioning, 3.320618, 4.133423
1449968, truthful, questioning, 3.306335, 4.132355
1449984, truthful, questioning, 3.2509, 4.087402
1449993, truthful, questioning, 3.250946, 4.085556
1450001, truthful, questioning, 3.243927, 4.072342
1450018, truthful, questioning, 3.207581, 4.037659
1450026, truthful, questioning, 3.192337, 4.02562
1450034, truthful, questioning, 3.18129, 4.005936
1450051, truthful, questioning, 3.165237, 4.003723
1450059, truthful, questioning, 3.16188, 3.996719
1450068, truthful, questioning, 3.15976, 3.993042
1450084, truthful, questioning, 3.140381, 3.936676
1450093, truthful, questioning, 3.134705, 3.933731
1450101, truthful, questioning, 3.134705, 3.930542
1450118, truthful, questioning, 3.131897, 3.927277
1450126, truthful, questioning, 3.118134, 3.922806
1450134, truthful, questioning, 3.118149, 3.90506
1450151, truthful, questioning, 3.122116, 3.903717
1450159, truthful, questioning, 3.122101, 3.903656
1450168, truthful, questioning, 3.122101, 3.902466
1450184, truthful, questioning, 3.118179, 3.905914
1450193, truthful, questioning, 3.118332, 3.905426
1450201, truthful, questioning, 3.122223, 3.896515
1450218, truthful, questioning, 3.124069, 3.89827
1450226, truthful, questioning, 3.120132, 3.898331
1450234, truthful, questioning, 3.108032, 3.897659
1450251, truthful, questioning, 3.104065, 3.874588
1450259, truthful, questioning, 3.10405, 3.867844
1450268, truthful, questioning, 3.095093, 3.875
1450284, truthful, questioning, 3.094574, 3.869049
1450293, truthful, questioning, 3.094727, 3.851425
1450301, truthful, questioning, 3.104507, 3.848221
1450318, truthful, questioning, 3.096542, 3.848495
1450326, truthful, questioning, 3.09613, 3.848648
1450334, truthful, questioning, 3.095688, 3.845642
1450351, truthful, questioning, 3.095825, 3.841278
1450359, truthful, questioning, 3.097092, 3.837433
1450368, truthful, questioning, 3.097137, 3.846527
1450384, truthful, questioning, 3.103882, 3.84021
1450393, truthful, questioning, 3.105621, 3.838104
1450401, truthful, questioning, 3.105682, 3.838104
1450418, truthful, response, 3.104263, 3.838623
1450426, truthful, response, 3.101364, 3.80867
1450434, truthful, response, 3.103958, 3.805588
1450451, truthful, response, 3.106018, 3.794739
1450459, truthful, response, 3.105637, 3.795486
1450468, truthful, response, 3.105698, 3.793915
1450484, truthful, response, 3.1418, 3.787689
1450493, truthful, response, 3.101532, 3.787521
1450501, truthful, response, 3.100266, 3.787689
1450518, truthful, response, 3.087845, 3.787766
1450526, truthful, response, 3.127472, 3.787689
1450534, truthful, response, 3.087952, 3.782471
1450551, truthful, response, 3.080566, 3.782822
1450559, truthful, response, 3.050247, 3.779327
1450568, truthful, response, 3.045151, 3.779236
1450584, truthful, response, 3.03656, 3.75563
1450593, truthful, response, 3.039413, 3.738281
1450609, truthful, response, 3.125626, 3.73941
1450618, truthful, response, 3.103729, 3.714539
1450626, truthful, response, 3.049591, 3.75386
1450634, truthful, response, 3.115326, 3.728012
1450651, truthful, response, 3.048691, 3.723236
1450659, truthful, response, 3.046661, 3.702881
1450668, truthful, response, 3.040527, 3.698257
1450684, truthful, response, 3.034836, 3.693207
1450693, truthful, response, 3.033875, 3.692947
1450701, truthful, response, 3.034836, 3.681946
1450718, truthful, response, 3.026199, 3.679932
1450726, truthful, response, 3.019104, 3.671066
1450734, truthful, response, 3.015335, 3.641464
1450751, truthful, response, 2.999542, 3.583038
1450759, truthful, response, 2.986923, 3.553909
1450768, truthful, response, 2.985336, 3.549896
1450784, truthful, response, 2.987625, 3.5383
1450793, truthful, response, 2.981293, 3.538574
1450809, truthful, response, 2.977982, 3.522354
1450818, truthful, response, 2.975769, 3.50705
1450826, truthful, response, 2.975937, 3.506653
1450834, truthful, response, 2.978592, 3.491623
1450851, truthful, response, 2.976654, 3.464722
1450859, truthful, response, 2.96669, 3.506119
1450868, truthful, response, 2.967346, 3.514053
1450884, truthful, response, 2.967407, 3.50827
1450893, truthful, response, 2.967392, 3.508301
1450901, truthful, response, 2.964691, 3.507324
1450918, truthful, response, 2.929611, 3.499756
1450926, truthful, response, 2.92926, 3.500168
1450934, truthful, response, 2.929413, 3.498596
1450951, truthful, response, 2.924774, 3.484619
1450959, truthful, response, 2.921021, 3.473145
1450968, truthful, response, 2.920746, 3.472382
1450984, truthful, response, 2.920853, 3.439987
1450993, truthful, response, 2.92012, 3.435867
1451001, truthful, response, 2.920425, 3.436066
1451018, truthful, response, 2.920502, 3.43692
1451026, truthful, response, 2.920517, 3.43396
1451034, truthful, response, 2.920471, 3.43132
1451051, truthful, response, 2.920502, 3.377136
1451059, truthful, response, 2.915222, 3.372437
1451068, truthful, response, 2.914978, 3.372406
1451084, truthful, response, 2.878342, 3.367599
1451093, truthful, response, 2.862061, 3.366486
1451101, truthful, response, 2.850967, 3.316879
1451118, truthful, response, 2.78891, 3.334381
1451126, truthful, response, 2.771103, 3.408966
1451134, truthful, response, 2.760376, 3.310303
1451151, truthful, response, 2.758789, 3.444611
1451159, truthful, response, 2.763504, 3.411133
1451168, truthful, response, 2.768387, 3.445541
1451184, truthful, response, 2.784012, 3.400452
1451193, truthful, response, 2.781281, 3.401657
1451201, truthful, response, 2.779449, 3.394714
1451218, truthful, response, 2.783615, 3.39621
1451226, truthful, response, 2.79425, 3.403778
1451234, truthful, response, 2.804642, 3.410431
1451251, truthful, response, 2.804474, 3.410416
1451259, truthful, response, 2.814224, 3.416885
1451268, truthful, response, 2.811218, 3.413025
1451284, truthful, response, 2.818054, 3.446075
1451293, truthful, response, 2.818008, 3.438385
1451301, truthful, response, 2.81813, 3.446503
1451317, truthful, response, 2.819962, 3.472168
1451326, truthful, response, 2.823608, 3.471939
1451334, truthful, response, 2.823578, 3.492584
1451351, truthful, response, 2.824585, 3.478668
1451359, truthful, response, 2.824432, 3.491791
1451367, truthful, response, 2.824524, 3.487595
1451384, truthful, response, 2.832031, 3.496246
1451392, truthful, response, 2.835571, 3.500076
1451401, truthful, response, 2.93898, 3.505386
1451417, truthful, response, 2.977798, 3.546585
1451426, truthful, response, 2.920013, 3.614456
1451434, truthful, response, 2.88028, 3.541306
1451451, truthful, response, 2.873016, 3.60553
1451459, truthful, response, 2.876907, 3.600372
1451467, truthful, response, 2.887344, 3.605652
1451484, truthful, response, 2.888138, 3.618362
1451492, truthful, response, 2.898865, 3.625534
1451501, truthful, response, 2.889175, 3.691452
1451517, truthful, response, 2.89595, 3.579056
1451526, truthful, response, 2.901291, 3.587845
1451534, truthful, response, 2.902771, 3.628342
1451551, truthful, response, 2.902847, 3.661148
1451559, truthful, response, 2.902008, 3.653229
1451567, truthful, response, 2.902481, 3.626648
1451584, truthful, response, 2.91272, 3.662262
1451592, truthful, response, 2.917023, 3.670303
1451601, truthful, response, 2.916, 3.667374
1451617, truthful, response, 2.915573, 3.671021
1451626, truthful, response, 2.915405, 3.671692
1451634, truthful, response, 2.916931, 3.67778
1451651, truthful, response, 2.916336, 3.687729
1451659, truthful, response, 2.917358, 3.698746
1451667, truthful, response, 2.935364, 3.713699
1451684, truthful, response, 2.935211, 3.741211
1451692, truthful, response, 2.962326, 3.757324
1451701, truthful, response, 2.980255, 3.761795
1451717, truthful, response, 2.978912, 3.762665
1451726, truthful, response, 2.977692, 3.770981
1451734, truthful, response, 2.977539, 3.775955
1451751, truthful, response, 2.983459, 3.776306
1451759, truthful, response, 2.98143, 3.784927
1451767, truthful, response, 2.979828, 3.785858
1451784, truthful, response, 2.977325, 3.736496
1451792, truthful, response, 2.964844, 3.885925
1451801, truthful, response, 2.974228, 3.893143
1451817, truthful, response, 3.054596, 3.709793
1451826, truthful, response, 2.971741, 3.787735
1451834, truthful, response, 3.113556, 3.780792
1451851, truthful, response, 3.058594, 3.841965
1451859, truthful, response, 3.140686, 3.922684
1451867, truthful, response, 3.126465, 3.98941
1451884, truthful, response, 3.146057, 3.930099
1451892, truthful, response, 3.167648, 4.011581
1451901, truthful, response, 3.141159, 3.969055
1451917, truthful, response, 3.128799, 3.966751
1451926, truthful, response, 3.118408, 3.912262
1451934, truthful, response, 3.116089, 3.884598
1451951, truthful, response, 3.106064, 3.869217
1451959, truthful, response, 3.114151, 3.862503
1451967, truthful, response, 3.116058, 3.856705
1451984, truthful, response, 3.108322, 3.856506
1451992, truthful, response, 3.113937, 3.855576
1452001, truthful, response, 3.108093, 3.856216
1452017, truthful, response, 3.102539, 3.854523
1452026, truthful, response, 3.102798, 3.854263
1452034, truthful, response, 3.103149, 3.854034
1452051, truthful, response, 3.06073, 3.840958
1452059, truthful, response, 3.115295, 3.841248
1452067, truthful, response, 3.115601, 3.841644
1452084, truthful, response, 3.11116, 3.843216
1452092, truthful, response, 3.110199, 3.843063
1452101, truthful, response, 3.110199, 3.84285
1452117, truthful, response, 3.110291, 3.841949
1452126, truthful, response, 3.113647, 3.841888
1452134, truthful, response, 3.109131, 3.84169
1452151, truthful, response, 3.104874, 3.851471
1452159, truthful, response, 3.102264, 3.8517
1452167, truthful, response, 3.104721, 3.866043
1452184, truthful, response, 3.091843, 3.873428
1452192, truthful, response, 3.091965, 3.879196
1452201, truthful, response, 3.097824, 3.879395
1452217, truthful, response, 3.088806, 3.884949
1452226, truthful, response, 3.088806, 3.892578
1452234, truthful, response, 3.088898, 3.917694
1452251, truthful, response, 3.088684, 3.921356
1452259, truthful, response, 3.091064, 3.929047
1452267, truthful, response, 3.088715, 3.929947
1452284, truthful, response, 3.096573, 3.946915
1452292, truthful, response, 3.096924, 3.947647
1452301, truthful, response, 3.098175, 3.9561
1452317, truthful, response, 3.107834, 3.965897
1452326, truthful, response, 3.108139, 3.975693
1452334, truthful, response, 3.113937, 3.97644
1452351, truthful, response, 3.136337, 4.006424
1452359, truthful, response, 3.136932, 4.013
1452367, truthful, response, 3.139725, 4.015625
1452384, truthful, response, 3.141006, 4.061615
1452392, truthful, response, 3.156769, 4.088547
1452401, truthful, response, 3.167557, 4.09201
1452417, truthful, response, 3.201202, 4.107712
1452426, truthful, response, 3.205734, 4.111053
1452434, truthful, response, 3.220749, 4.112503
1452451, truthful, response, 3.224014, 4.139206
1452459, truthful, response, 3.232742, 4.139008
1452467, truthful, response, 3.24144, 4.139069
1452484, truthful, response, 3.271561, 4.135193
1452492, truthful, response, 3.271759, 4.138138
1452501, truthful, response, 3.277267, 4.13797
1452517, truthful, response, 3.279282, 4.134995
1452526, truthful, response, 3.279099, 4.13736
1452534, truthful, response, 3.234711, 4.136963
1452551, truthful, response, 3.237244, 4.134689
1452559, truthful, response, 3.236633, 4.134491
1452567, truthful, response, 3.295059, 4.134552
1452584, truthful, response, 3.279648, 4.131577
1452592, truthful, response, 3.29686, 4.131668
1452601, truthful, response, 3.296692, 4.125137
1452617, truthful, response, 3.301804, 4.125656
1452626, truthful, response, 3.31691, 4.132477
1452634, truthful, response, 3.316376, 4.139694
1452651, truthful, response, 3.340851, 4.178711
1452659, truthful, response, 3.341171, 4.178864
1452667, truthful, response, 3.359299, 4.178802
1452684, truthful, response, 3.36673, 4.16658
1452692, truthful, response, 3.366425, 4.182816
1452701, truthful, response, 3.36644, 4.197037
1452717, truthful, response, 3.382446, 4.197113
1452726, truthful, response, 3.382675, 4.198929
1452734, truthful, response, 3.382294, 4.203247
1452751, truthful, response, 3.408005, 4.204407
1452759, truthful, response, 3.341522, 4.05423
1452767, truthful, response, 3.328568, 3.969467
1452784, truthful, response, 3.265045, 4.122009
1452792, truthful, response, 3.347519, 4.135071
1452801, truthful, response, 3.346817, 4.136276
1452817, truthful, response, 3.347702, 4.13356
1452826, truthful, response, 3.345306, 4.132843
1452834, truthful, response, 3.343185, 4.129562
1452850, truthful, response, 3.328583, 4.121872
1452859, truthful, response, 3.325058, 4.126495
1452867, truthful, response, 3.321655, 4.122086
1452884, truthful, response, 3.322021, 4.129761
1452892, truthful, response, 3.321274, 4.133133
1452900, truthful, response, 3.322113, 4.127228
1452917, truthful, response, 3.320694, 4.127213
1452925, truthful, response, 3.297592, 4.127304
1452934, truthful, response, 3.291428, 4.133911
1452950, truthful, response, 3.290237, 4.149429
1452959, truthful, response, 3.285583, 4.150223
1452967, truthful, response, 3.285339, 4.150177
1452984, truthful, response, 3.285568, 4.149109
1452992, truthful, response, 3.267609, 4.149231
1453000, truthful, response, 3.252762, 4.148956
1453017, truthful, response, 3.237549, 4.140289
1453025, truthful, response, 3.237427, 4.148041
1453034, truthful, response, 3.247086, 4.157211
1453050, truthful, response, 3.268723, 4.141998
1453059, truthful, response, 3.271072, 4.122681
1453067, truthful, response, 3.268707, 4.12236
1453084, truthful, response, 3.270813, 4.122162
1453092, truthful, response, 3.268509, 4.122665
1453100, truthful, response, 3.268265, 4.122528
1453117, truthful, response, 3.247452, 4.127823
1453125, truthful, response, 3.323853, 4.152405
1453134, truthful, response, 3.333191, 4.176727
1453150, truthful, response, 3.306259, 4.180237
1453159, truthful, response, 3.267517, 4.27858
1453167, truthful, response, 3.284302, 4.153
1453184, truthful, response, 3.296417, 4.15448
1453192, truthful, response, 3.316544, 4.158966
1453200, truthful, response, 3.336441, 4.163589
1453217, truthful, response, 3.34523, 4.166916
1453225, truthful, response, 3.3591, 4.185898
1453234, truthful, response, 3.348236, 4.205643
1453250, truthful, response, 3.368805, 4.183289
1453259, truthful, response, 3.370453, 4.194443
1453267, truthful, response, 3.371307, 4.191666
1453284, truthful, response, 3.371521, 4.205673
1453292, truthful, response, 3.373062, 4.208359
1453300, truthful, response, 3.381699, 4.209366
1453317, truthful, response, 3.388763, 4.219406
1453325, truthful, response, 3.388763, 4.21991
1453334, truthful, response, 3.389038, 4.224518
1453350, truthful, response, 3.426025, 4.243835
1453359, truthful, response, 3.435394, 4.244156
1453367, truthful, response, 3.449921, 4.258499
1453384, truthful, response, 3.476685, 4.261459
1453392, truthful, response, 3.477921, 4.261581
1453400, truthful, response, 3.479813, 4.266144
1453417, truthful, response, 3.494476, 4.27211
1453425, truthful, response, 3.494476, 4.266113
1453434, truthful, response, 3.499451, 4.261292
1453450, truthful, response, 3.501541, 4.266235
1453459, truthful, response, 3.590942, 4.281967
1453467, truthful, response, 3.5336, 4.197998
1453484, truthful, response, 3.515625, 3.989975
1453492, truthful, response, 3.453659, 3.96521
1453500, truthful, response, 3.295395, -1
1453517, truthful, response, -1, -1
1453525, truthful, response, -1, -1
1453542, truthful, response, -1, -1
1453550, truthful, response, -1, -1
1453559, truthful, response, -1, -1
1453575, truthful, response, -1, -1
1453584, truthful, response, -1, -1
1453592, truthful, response, -1, -1
1453600, truthful, response, -1, -1
1453617, truthful, response, -1, -1
1453625, truthful, response, -1, -1
1453634, truthful, response, -1, -1
1453650, truthful, response, 3.465088, 4.003555
1453659, truthful, response, 3.440353, 4.159927
1453667, truthful, response, 3.394608, 4.112381
1453684, truthful, response, 3.49234, 4.053009
1453692, truthful, response, 3.481064, 4.054733
1453700, truthful, response, 3.461594, 4.08345
1453717, truthful, response, 3.389084, 4.018814
1453725, truthful, response, 3.397751, 3.981094
1453734, truthful, response, 3.358795, 3.973083
1453750, truthful, response, 3.337372, 3.973419
1453759, truthful, response, 3.364716, 3.986557
1453767, truthful, response, 3.323578, 4.000259
1453784, truthful, response, 3.295456, 4.025238
1453792, truthful, response, 3.186035, 4.132355
1453800, truthful, response, 3.12558, 4.124405
1453817, truthful, response, 3.293655, 4.118637
1453825, truthful, response, 3.177048, 4.093506
1453834, truthful, response, 3.251297, 4.073059
1453850, truthful, response, 3.24025, 4.091949
1453859, truthful, response, 3.2686, 4.100052
1453867, truthful, response, 3.277054, 4.090988
1453884, truthful, response, 3.276932, 4.091644
1453892, truthful, response, 3.285202, 4.082565
1453900, truthful, response, 3.276993, 4.073914
1453917, truthful, response, 3.271011, 4.084335
1453925, truthful, response, 3.268448, 4.075089
1453934, truthful, response, 3.263596, 4.074692
1453950, truthful, response, 3.258987, 4.039444
1453959, truthful, response, 3.240631, 4.024048
1453967, truthful, response, 3.240692, 4.00914
1453984, truthful, response, 3.234772, 4.003021
1453992, truthful, response, 3.237976, 4.006027
1454000, truthful, response, 3.238022, 4.000595
1454017, truthful, response, 3.210419, 3.980667
1454025, truthful, response, 3.205399, 3.948029
1454034, truthful, response, 3.202759, 3.94165
1454050, truthful, response, 3.190674, 3.911728
1454059, truthful, response, 3.18924, 3.910568
1454067, truthful, response, 3.248154, 3.953537
1454084, truthful, response, 3.268448, 3.863358
1454092, truthful, response, 3.181824, 3.952209
1454100, truthful, response, 3.084351, 3.849915
1454117, truthful, response, 3.132202, 3.898941
1454125, truthful, response, 3.137161, 3.889069
1454134, truthful, response, 3.170654, 3.730042
1454150, truthful, response, 3.130295, 3.729431
1454159, truthful, response, 3.153427, 3.692276
1454167, truthful, response, 3.084991, 3.716644
1454184, truthful, response, 3.091095, 3.699234
1454192, truthful, response, 3.092285, 3.691742
1454200, truthful, response, 3.091583, 3.68573
1454217, truthful, response, 3.091919, 3.68335
1454225, truthful, response, 3.089401, 3.67923
1454234, truthful, response, 3.087173, 3.681793
1454250, truthful, response, 3.091904, 3.660156
1454259, truthful, response, 3.08934, 3.679214
1454267, truthful, response, 3.091614, 3.679001
1454284, truthful, response, 3.093781, 3.678696
1454292, truthful, response, 3.094025, 3.670486
1454300, truthful, response, 3.094101, 3.640747
1454317, truthful, response, 3.094894, 3.67337
1454325, truthful, response, 3.09816, 3.673096
1454334, truthful, response, 3.091309, 3.676941
1454350, truthful, response, 3.044357, 3.795456
1454359, truthful, response, 3.109863, 3.833847
1454367, truthful, response, 3.174072, 3.785446
1454383, truthful, response, 3.18132, 3.755051
1454392, truthful, response, 3.177902, 3.759293
1454400, truthful, response, 3.174332, 3.750427
1454417, truthful, response, 3.170959, 3.758865
1454425, truthful, response, 3.076157, 3.758667
1454433, truthful, response, 3.150391, 3.786179
1454450, truthful, response, 3.120087, 3.78772
1454458, truthful, response, 3.11821, 3.786713
1454467, truthful, response, 3.116776, 3.790298
1454483, truthful, response, 3.11998, 3.807663
1454492, truthful, response, 3.118668, 3.812546
1454500, truthful, response, 3.092133, 3.81192
1454517, truthful, response, 3.105896, 3.877579
1454525, truthful, response, 3.032318, 3.764221
1454533, truthful, response, 3.078156, 3.82695
1454550, truthful, response, 3.037476, 3.772705
1454558, truthful, response, 3.04129, 3.824753
1454567, truthful, response, 3.048691, 3.869568
1454583, truthful, response, 3.039352, 3.816605
1454592, truthful, response, 3.040665, 3.819382
1454600, truthful, response, 3.047348, 3.83757
1454617, truthful, response, 3.048691, 3.836334
1454625, truthful, response, 3.053802, 3.819397
1454633, truthful, response, 3.054916, 3.816895
1454650, truthful, response, 3.052567, 3.817062
1454658, truthful, response, 3.06871, 3.819016
1454667, truthful, response, 3.072647, 3.813934
1454683, truthful, response, 3.03598, 3.816757
1454692, truthful, response, 3.019852, 3.816681
1454700, truthful, response, 3.036346, 3.824768
1454717, truthful, response, 3.043228, 3.817001
1454725, truthful, response, 3.039749, 3.798355
1454733, truthful, response, 3.043076, 3.79837
1454750, truthful, response, 3.062637, 3.794632
1454758, truthful, response, 3.087601, 3.817932
1454767, truthful, response, 3.062637, 3.826904
1454783, truthful, response, 3.073883, 3.820236
1454792, truthful, response, 3.116135, 3.815216
1454800, truthful, response, 3.126053, 3.812271
1454817, truthful, response, 3.137848, 3.802582
1454825, truthful, response, 3.137863, 3.803802
1454833, truthful, response, 3.100266, 3.843399
1454850, truthful, response, 3.096756, 3.856262
1454858, truthful, response, 3.096878, 3.857178
1454867, truthful, response, 3.094315, 3.86412
1454883, truthful, response, 3.094162, 3.877884
1454892, truthful, response, 3.093109, 3.828003
1454900, truthful, response, 3.093079, 3.828735
1454917, truthful, response, 3.083801, 3.858871
1454925, truthful, response, 3.124832, 3.865585
1454933, truthful, response, 3.125137, 3.873566
1454950, truthful, response, 3.137131, 3.87822
1454958, truthful, response, 3.197372, 3.877533
1454967, truthful, response, 3.185638, 3.893326
1454983, truthful, response, 3.190475, 3.909332
1454992, truthful, response, 3.22226, 3.940247
1455000, truthful, response, 3.193909, 3.943863
1455017, truthful, response, 3.195435, 3.955246
1455025, truthful, response, 3.193787, 3.958771
1455033, truthful, response, 3.195572, 3.959717
1455050, truthful, response, 3.222427, 3.956024
1455058, truthful, response, 3.224167, 3.950974
1455067, truthful, response, 3.221878, 3.949997
1455083, truthful, response, 3.212921, 3.945862
1455092, truthful, response, 3.209396, 3.934998
1455100, truthful, response, 3.209488, 3.930328
1455117, truthful, response, 3.200043, 3.926086
1455125, truthful, response, 3.200241, 3.925949
1455133, truthful, response, 3.200729, 3.921951
1455150, truthful, response, 3.198837, 3.902298
1455158, truthful, response, 3.197037, 3.886429
1455167, truthful, response, 3.182312, 3.886383
1455183, truthful, response, 3.17659, 3.87439
1455192, truthful, response, 3.182449, 3.874588
1455200, truthful, response, 3.176819, 3.874374
1455217, truthful, response, 3.177048, 3.831696
1455225, truthful, response, 3.176956, 3.824112
1455233, truthful, response, 3.177032, 3.804718
1455250, truthful, response, 3.157501, 3.798538
1455258, truthful, response, 3.149628, 3.769394
1455267, truthful, response, 3.146698, 3.765442
1455283, truthful, response, 3.145157, 3.755966
1455292, truthful, response, 3.144257, 3.745728
1455300, truthful, response, 3.105545, 3.743057
1455317, truthful, response, 3.09552, 3.755905
1455325, truthful, response, 3.059189, 3.733307
1455333, truthful, response, 3.054062, 3.733749
1455350, truthful, response, 3.046921, 3.727524
1455358, truthful, response, 3.046982, 3.720291
1455367, truthful, response, 3.046844, 3.686829
1455383, truthful, response, 3.032532, 3.687317
1455392, truthful, response, 3.031006, 3.677109
1455400, truthful, response, 3.031006, 3.662186
1455417, truthful, response, 3.029526, 3.657822
